{
    "anchorpoints": [],
    "portpins": [
        {
            "name": "1",
            "position": [
                1.3125,
                0.0,
                8.036744619404504e-17
            ],
            "rotation": [
                1.0,
                0.0,
                6.123233995736765e-17,
                0.0,
                1.0,
                -0.0,
                -6.123233995736765e-17,
                0.0,
                1.0
            ]
        }
    ],
    "version": 7
}