{
    "anchorpoints": [],
    "portpins": [
        {
            "name": "1",
            "position": [
                -1.25,
                0.0,
                -2.296212748401287e-16
            ],
            "rotation": [
                -1.0,
                0.0,
                -1.83697019872103e-16,
                0.0,
                1.0,
                0.0,
                1.83697019872103e-16,
                0.0,
                -1.0
            ]
        },
        {
            "name": "2",
            "position": [
                -1.25,
                200.0,
                -2.296212748401287e-16
            ],
            "rotation": [
                -1.0,
                0.0,
                -1.83697019872103e-16,
                0.0,
                1.0,
                0.0,
                1.83697019872103e-16,
                0.0,
                -1.0
            ]
        }
    ],
    "version": 7
}